{
  "cluster": "South Pardus Rim",
  "sector": "GM 4-572",
  "width": 15,
  "height": 13,
  "tiles": "bbbbbbeeeebbbbbbbbbeeeffeeebbbbbbeeffffffeeeebbbefffffffffeebbeefffeeeffeebbeeffeeebeeeebbeeffeebbbeeeebbefffebbeeeffeeeeeffeeeefffffeebeefffffffffeebbbeefffffffeebbbbbeeeffffeebbbbbbbbeeeeeebbbb",
  "beacons": {
    "Becanin": { "type": "wh", "x": 13, "y": 3 },
    "Lahola": { "type": "wh", "x": 0, "y": 7 },
    "Urioed": { "type": "wh", "x": 14, "y": 7 },
    "Encea": { "type": "wh", "x": 7, "y": 12 }
  }
}
