{
  "cluster": "Federation South Human",
  "sector": "Inioen",
  "width": 13,
  "height": 14,
  "tiles": "bbbbbeeeebeeeeebbeefoeeeeeeebeefoofffebeebeeooooffeeeebbefofofffeeeebeofffffeeeeeeeffffffebbeefffffffeebbbefffffffebbbbefffffffeebbbefffffffeebbbeefffffeebbbbbeeefeeebbbbbbbbeeebbbbb",
  "beacons": {
    "Liaface (East)": { "type": "wh", "x": 12, "y": 0 },
    "Liaface (West)": { "type": "wh", "x": 0, "y": 1 },
    "VM 3-326": { "type": "wh", "x": 3, "y": 12 },
    "Inioen": { "x": 6, "y": 8 }
  }
}
